{"web":
    {
        "client_id":"905932822288-uv2tfrbn79660eebh51ohr2b5vjtomha.apps.googleusercontent.com",
        "project_id":"sacred-vigil-309213",
        "auth_uri":"https://accounts.google.com/o/oauth2/auth",
        "token_uri":"https://oauth2.googleapis.com/token",
        "auth_provider_x509_cert_url":"https://www.googleapis.com/oauth2/v1/certs",
        "client_secret":"onpWVIT3QhADPkeYvjVmTiM6",
        "redirect_uris":["https://meet.google.com/tva-rpua-kuf","https://meet.google.com/"]
    }
}